[
 {
    "an1" : "Develeasyon",
    "an2" : "Enflasyon",
    "an3" : "Deflasyon",
    "an4" : "Cereme",
    "categ" : "Genel Kültür",
    "level" : "1",
    "qu_num" : "0",
    "qu_poi" : "14",
    "ques" : "Paranın değerinin düşmesine ne denir? ",
    "rean" : "Enflasyon"
  },
 {
    "an1" : "Toros Dağları",
    "an2" : "Aladağlar",
    "an3" : "Ağrı Dağı",
    "an4" : "Süphan Dağı",
    "categ" : "Coğrafya",
    "level" : "1",
    "qu_num" : "1",
    "qu_poi" : "14",
    "ques" : "Türkiye'nin en yüksek dağı nedir? ",
    "rean" : "Ağrı Dağı"
  },
  {
    "an1" : "Bakü",
    "an2" : "Dhaka",
    "an3" : "Brüksel",
    "an4" : "Berlin",
    "categ" : "Ülkeler ve Başkentleri",
    "level" : "1",
    "qu_num" : "3",
    "qu_poi" : "14",
    "ques" : "Avrupanın birliğinin başkenti neresidir?",
    "rean" : "Brüksel"
  },
  {
    "an1" : "Grönland",
    "an2" : "Yeni Gine",
    "an3" : "Borneo",
    "an4" : "Madagaskar",
    "categ" : "Genel Kültür",
    "level" : "2",
    "qu_num" : "4",
    "qu_poi" : "14",
    "ques" : "Dünyanın en büyük adası hangisidir? ",
    "rean" : "Grönland"
  },
 {
    "an1" : "Galen",
    "an2" : "İbn-i Sina",
    "an3" : "Herodot",
    "an4" : "Hipokrat",
    "categ" : "Önemli Kişiler",
    "level" : "2",
    "qu_num" : "5",
    "qu_poi" : "15",
    "ques" : "Aşağıdakilerden hangisi İspanyol Tıp Bilginidir?",
    "rean" : "Hipokrat"
  },
{
    "an1" : "Bor",
    "an2" : "Demir",
    "an3" : "Zımpara Taşı",
    "an4" : "Oltu Taşı",
    "categ" : "Madenler",
    "level" : "1",
    "qu_num" : "6",
    "qu_poi" : "14",
    "ques" : "Aşağıdakilerden hangisi \nErzurum'da çıkarılan madendir?",
    "rean" : "Oltu Taşı"
  },
  {
    "an1" : "Şinasi",
    "an2" : "Namık Kemal",
    "an3" : "Yaşar Kemal",
    "an4" : "Oğuz Atay",
    "categ" : "Önemli Kişiler",
    "level" : "2",
    "qu_num" : "7",
    "qu_poi" : "14",
    "ques" : "İlk yerli tiyatro yazarı kimdir? ",
    "rean" : "Şinasi"
  },
 {
    "an1" : "Salda Gölü",
    "an2" : "Baykal Gölü",
    "an3" : "Akşehir Gölü",
    "an4" : "Sapanca Gölü",
    "categ" : "Coğrafya",
    "level" : "2",
    "qu_num" : "8",
    "qu_poi" : "14",
    "ques" : "Dünyanın en büyük gölü hangisidir? ",
    "rean" : "Baykal Gölü"
  },
 {
    "an1" : "Alma Ata",
    "an2" : "Tirana",
    "an3" : "Canberra",
    "an4" : "Jakarta",
    "categ" : "Ülkeler ve Başkentleri",
    "level" : "2",
    "qu_num" : "9",
    "qu_poi" : "14",
    "ques" : "Kazakistan'ın başkenti neresidir? ",
    "rean" : "Alma Ata"
  },
 {
    "an1" : "Luis Pastör",
    "an2" : "Marie Curie",
    "an3" : "Nicolaus Copernicus",
    "an4" : "Batlamyus",
    "categ" : "Önemli Kişiler",
    "level" : "2",
    "qu_num" : "10",
    "qu_poi" : "14",
    "ques" : "Kuduz aşısını bulan kişi kimdir? ",
    "rean" : "Luis Pastör"
  },
 {
    "an1" : "Belçika",
    "an2" : "Guatemala",
    "an3" : "Güney Afrika",
    "an4" : "Luxembourg",
    "categ" : "Ülkeler ve Başkentleri",
    "level" : "2",
    "qu_num" : "11",
    "qu_poi" : "14",
    "ques" : "Aşağıdaki ülkelerden hangisinin iki başkenti vardır? ",
    "rean" : "Güney Afrika"
  },
  {
    "an1" : "Neşeli Günler",
    "an2" : "Muhsin Bey",
    "an3" : "Tatlı Dillim",
    "an4" : "Öyle Olsun",
    "categ" : "Dizi ve Filmler",
    "level" : "3",
    "qu_num" : "12",
    "qu_poi" : "14",
    "ques" : "Aşağıdaki filmlerden hangisinde Tarık Akan ve Kemal Sunal rol almıştır? ",
    "rean" : "Tatlı Dillim"
  },
 {
    "an1" : "Bişkek",
    "an2" : "Taşkent",
    "an3" : "Lisbon",
    "an4" : "Baku",
    "categ" : "Ülkeler ve Başkentleri",
    "level" : "2",
    "qu_num" : "13",
    "qu_poi" : "14",
    "ques" : "Özbekistan'ın başkenti hangisidir? ",
    "rean" : "Taşkent"
  },
 {
    "an1" : "Cevat Şakir",
    "an2" : "Yakup Kadri Karaosmanoğlu",
    "an3" : "Yaşar Kemal",
    "an4" : "Orhan Kemal",
    "categ" : "Önemli Kişiler",
    "level" : "3",
    "qu_num" : "14",
    "qu_poi" : "15",
    "ques" : "Halikarnas Balıkçısı adlı eserin yazarı kimdir? ",
    "rean" : "Cevat Şakir"
  },
 {
    "an1" : "Fransa",
    "an2" : "Almanya",
    "an3" : "Belçika",
    "an4" : "İtalya",
    "categ" : "Coğrafya",
    "level" : "3",
    "qu_num" : "15",
    "qu_poi" : "15",
    "ques" : "Sicilya adası hangi ülkenin sınırları içerisindedir? ",
    "rean" : "İtalya"
  },
  {
    "an1" : "Isaac Newton",
    "an2" : "El-Bîrûnî",
    "an3" : "El-Cezeri",
    "an4" : "Arşimed",
    "categ" : "Önemli Kişiler",
    "level" : "3",
    "qu_num" : "16",
    "qu_poi" : "15",
    "ques" : "Kaldıraç Kuramı'nı bulan bilim insanı kimdir? ",
    "rean" : "Arşimed"
  },
 {
    "an1" : "Nibelungen",
    "an2" : "Alp Er Tunga Destanı",
    "an3" : "Yaratılış Destanı",
    "an4" : "Şu Destanı",
    "categ" : "Destanlar",
    "level" : "3",
    "qu_num" : "17",
    "qu_poi" : "15",
    "ques" : "Almanlara ait olan destanın adı nedir? ",
    "rean" : "Nibelungen"
  },
 {
    "an1" : "BM",
    "an2" : "UNESCO",
    "an3" : "DSÖ",
    "an4" : "UNICEF",
    "categ" : "Topluluklar ve Kuruluşlar",
    "level" : "1",
    "qu_num" : "2",
    "qu_poi" : "14",
    "ques" : "Aşağıdakilerden hangisi Çocukları Koruma Vakfıdır? ",
    "rean" : "UNICEF"
  },
 {
    "an1" : "Frederic Chopin",
    "an2" : "Pyotr İlyiç Çaykovski",
    "an3" : "Johannes Brahms",
    "an4" : "Ludwig van Beethoven",
    "categ" : "Önemli Kişiler",
    "level" : "3",
    "qu_num" : "18",
    "qu_poi" : "15",
    "ques" : "Kuğu Gölü adlı beste kime aittir? ",
    "rean" : "Pyotr İlyiç Çaykovski"
  },
 {
    "an1" : "Andre Gide",
    "an2" : "Alphonse Daudet",
    "an3" : "Daniel Defoe",
    "an4" : "Miguel de Cervantes",
    "categ" : "Önemli Kişiler",
    "level" : "3",
    "qu_num" : "19",
    "qu_poi" : "15",
    "ques" : "Don Kişot adlı eserin yazarı kimdir? ",
    "rean" : "Miguel de Cervantes"
  },
 {
    "an1" : "Edirne",
    "an2" : "Trakya",
    "an3" : "Buca",
    "an4" : "Antakya",
    "categ" : "Coğrafya",
    "level" : "3",
    "qu_num" : "20",
    "qu_poi" : "15",
    "ques" : "Kırkpınar Güreşleri ile ünlü olan şehrimiz hangisidir? ",
    "rean" : "Edirne"
  },
 {
    "an1" : "Frigyalılar",
    "an2" : "Lidyalılar",
    "an3" : "Artuklular",
    "an4" : "Sartuklular",
    "categ" : "Tarih",
    "level" : "3",
    "qu_num" : "21",
    "qu_poi" : "15",
    "ques" : "Karun Hazineleri hangi milletin hükümdarına aittir? ",
    "rean" : "Lidyalılar"
  },
 {
    "an1" : "Margaret Thatcher",
    "an2" : "Bernadette Nicole",
    "an3" : "Carolinna Laney",
    "an4" : "Margaret Olive",
    "categ" : "Önemli Kişiler",
    "level" : "3",
    "qu_num" : "22",
    "qu_poi" : "15",
    "ques" : "Birleşik Krallık'ta en uzun süre başbakanlık yapan kişi ve ülkenin ilk kadın başbakanı kimdir? ",
    "rean" : "Margaret Thatcher"
  },
  {
    "an1" : "Kümbet",
    "an2" : "Ziggurat",
    "an3" : "Piramit",
    "an4" : "Haldi",
    "categ" : "Tarih",
    "level" : "3",
    "qu_num" : "23",
    "qu_poi" : "15",
    "ques" : "Sümer Tapınaklarına verilen isim nedir? ",
    "rean" : "Ziggurat"
  },
  {
    "an1" : "Hititler",
    "an2" : "Frigyalılar",
    "an3" : "Urartular",
    "an4" : "Sümerler",
    "categ" : "Tarih",
    "level" : "4",
    "qu_num" : "24",
    "qu_poi" : "14",
    "ques" : "İlk yazılı hukuk kuralları hangi uygarlık tarafından oluşturulmuştur? ",
    "rean" : "Sümerler"
  },
 {
    "an1" : "Artuklular",
    "an2" : "Frigyalılar",
    "an3" : "Aztekler",
    "an4" : "Mısırlılar",
    "categ" : "Tarih",
    "level" : "4",
    "qu_num" : "25",
    "qu_poi" : "14",
    "ques" : "Midas Mezarı hangi uygarlığın eserleri arasındadır? ",
    "rean" : "Frigyalılar"
  },
{
    "an1" : "Fransa",
    "an2" : "İtalya",
    "an3" : "Almanya",
    "an4" : "Rusya",
    "categ" : "Tarih",
    "level" : "3",
    "qu_num" : "26",
    "qu_poi" : "15",
    "ques" : "Rönesans aşağıdaki ülkelerden hangisinde başlamıştır? ",
    "rean" : "Almanya"
  },
 {
    "an1" : "Kıdem",
    "an2" : "Beka",
    "an3" : "Vahdaniyet",
    "an4" : "Muhalefet-ün Lil Havadis",
    "categ" : "Din",
    "level" : "3",
    "qu_num" : "27",
    "qu_poi" : "15",
    "ques" : "Allahın sonradan yarattıklarına benzememesi anlamına gelen sıfat Hangisidir? ",
    "rean" : "Muhalefet-ün Lil Havadis"
  },
 {
    "an1" : "Fatiha Sûresi",
    "an2" : "Bakara Sûresi",
    "an3" : "Felak Sûresi",
    "an4" : "Nisa Sûresi",
    "categ" : "Din",
    "level" : "4",
    "qu_num" : "28",
    "qu_poi" : "14",
    "ques" : "Kur'an-ı Kerim'in ilk sûresi hangisidir? ",
    "rean" : "Fatiha Sûresi"
  },
 {
    "an1" : "1876 Anayasası",
    "an2" : "1919 Anayasası",
    "an3" : "1923 Anayasası",
    "an4" : "1921 Anayasası",
    "categ" : "Tarih",
    "level" : "4",
    "qu_num" : "29",
    "qu_poi" : "14",
    "ques" : "Türkiye Cumhuriyeti'nin ilk anayasası hangisidir? ",
    "rean" : "1921 Anayasası"
  },
  {
    "an1" : "21 Aralık",
    "an2" : "21 Haziran",
    "an3" : "23 Temmuz",
    "an4" : "21 Mart",
    "categ" : "Coğrafya",
    "level" : "4",
    "qu_num" : "30",
    "qu_poi" : "14",
    "ques" : "Kuzey Yarım Kürede ilk bahar başlangıç tarihi nedir? ",
    "rean" : "21 Mart"
  },
{
    "an1" : "Oksijen",
    "an2" : "Hidrojen",
    "an3" : "Karbondioksit",
    "an4" : "Azot",
    "categ" : "Coğrafya",
    "level" : "4",
    "qu_num" : "31",
    "qu_poi" : "14",
    "ques" : "Atmosferde en fazla bulunan gaz hangisidir? ",
    "rean" : "Azot"
  },
{
    "an1" : "Barkan",
    "an2" : "Kumul",
    "an3" : "Lapya",
    "an4" : "Polye",
    "categ" : "Coğrafya",
    "level" : "4",
    "qu_num" : "32",
    "qu_poi" : "14",
    "ques" : "Hilal şeklinde oluşan kum tepesine ne denir? ",
    "rean" : "Barkan"
  },
{
    "an1" : "Akdeniz Bölgesi",
    "an2" : "Karadeniz Bölgesi",
    "an3" : "Ege Bölgesi",
    "an4" : "Marmara Bölgesi",
    "categ" : "Coğrafya",
    "level" : "4",
    "qu_num" : "33",
    "qu_poi" : "14",
    "ques" : "Aşağıdaki hangi coğrafi bölgelerden hangisinde dağlar denize dik uzanır?",
    "rean" : "Ege Bölgesi"
  },
 {
    "an1" : "Neşet Ertaş",
    "an2" : "Kıvırcık Ali",
    "an3" : "Aşık Veysel",
    "an4" : "Aşık Reyhani",
    "categ" : "Önemli Kişiler",
    "level" : "4",
    "qu_num" : "34",
    "qu_poi" : "14",
    "ques" : "Bozkırın tezenesi lakaplı rahmetli halk ozanı kimdir?",
    "rean" : "Neşet Ertaş"
  },
 {
    "an1" : "Gayzer",
    "an2" : "Fay",
    "an3" : "Lav",
    "an4" : "Kaplıca",
    "categ" : "Coğrafya",
    "level" : "4",
    "qu_num" : "35",
    "qu_poi" : "14",
    "ques" : "Yerden fışkırarak çıkan sıcak su kaynaklarına ne ad verilir? ",
    "rean" : "Gayzer"
  },
 {
    "an1" : "Buğday",
    "an2" : "Arpa",
    "an3" : "Yulaf",
    "an4" : "Çeltik",
    "categ" : "Coğrafya",
    "level" : "4",
    "qu_num" : "36",
    "qu_poi" : "14",
    "ques" : "Pirinç hangi ürünün kabuğunun soyulması ile elde edilir?",
    "rean" : "Çeltik"
  },
 {
    "an1" : "Simograf",
    "an2" : "Tomograf",
    "an3" : "Higrometre",
    "an4" : "Pensampermetre",
    "categ" : "Genel Kültür",
    "level" : "4",
    "qu_num" : "37",
    "qu_poi" : "14",
    "ques" : "Depremin büyüklüğünü ve süresini ölçen alete ne ad verilir ?",
    "rean" : "Simograf"
  },
 {
    "an1" : "Gelincik",
    "an2" : "Kır Çiçeği",
    "an3" : "Lotus",
    "an4" : "Tulipa",
    "categ" : "Genel Kültür",
    "level" : "4 ",
    "qu_num" : "38",
    "qu_poi" : "14",
    "ques" : "Yazın kırlarda ve ekin tarlalarında yetişen kırmızı narin çiçek hangisidir?",
    "rean" : "Gelincik"
  },
  {
    "an1" : "Fatih Sultan Mehmet",
    "an2" : "Yavuz Sultan Selim",
    "an3" : "Abdülhamid Han",
    "an4" : "Kanun-i  Sultan Süleyman",
    "categ" : "Tarih",
    "level" : "4",
    "qu_num" : "39",
    "qu_poi" : "14",
    "ques" : "Rumeli hisarı hangi padişah tarafından yaptırılmıştır? ",
    "rean" : "Fatih Sultan Mehmet"
  },
  {
    "an1" : "Vedat Tek",
    "an2" : "Mimar Kemaleddin",
    "an3" : "Balyan Kardeşler",
    "an4" : "Mimar Sinan",
    "categ" : "Önemli Kişiler",
    "level" : "5",
    "qu_num" : "40",
    "qu_poi" : "25",
    "ques" : "Türk tarihinin en ünlü mimarı kimdir?",
    "rean" : "Mimar Sinan"
  },
 {
    "an1" : "Hasan Dağı",
    "an2" : "Erciyes Dağı",
    "an3" : "Tendürek Dağı",
    "an4" : "Melendiz Dağı",
    "categ" : "Coğrafya",
    "level" : "5",
    "qu_num" : "41",
    "qu_poi" : "25",
    "ques" : "Aşağıdaki dağlardan hangisi volkanik bir dağdır?",
    "rean" : "Erciyes Dağı"
  },
 {
    "an1" : "Kümbet",
    "an2" : "Otağ",
    "an3" : "Balbal",
    "an4" : "Çenge",
    "categ" : "Tarih",
    "level" : "3",
    "qu_num" : "42",
    "qu_poi" : "14",
    "ques" : "Türk hanlarının yaşadığı çerge olarak da bilinen büyük ve süslü çadırın adı nedir?",
    "rean" : "Otağ"
  },
 {
    "an1" : "Hicri Takvim",
    "an2" : "Celali Takvim",
    "an3" : "Rumi Takvim",
    "an4" : "Tibet Takvimi",
    "categ" : "Tarih",
    "level" : "3",
    "qu_num" : "43",
    "qu_poi" : "15",
    "ques" : "Aşağıdaki takvimlerden hangisini Türkler kullanmamıştır?",
    "rean" : "Tibet Takvimi"
  },
  {
    "an1" : "TEV",
    "an2" : "TEMA",
    "an3" : "ÇEKÜL",
    "an4" : "BİSAV",
    "categ" : "Topluluklar ve Kuruluşlar",
    "level" : "4",
    "qu_num" : "44",
    "qu_poi" : "14",
    "ques" : "Türkiye'yi ağaçlandırmak ve erozyonla mücadele etmek olan kurulan Sivil Toplum Kuruluşu, aşağıdakilerden hangisidir?",
    "rean" : "TEMA"
  },
  {
    "an1" : "Ekvatoral İklim",
    "an2" : "Tropikal İklim",
    "an3" : "Çöl İklimi",
    "an4" : "Karasal İklim",
    "categ" : "Coğrafya",
    "level" : "4",
    "qu_num" : "45",
    "qu_poi" : "14",
    "ques" : "Yazları sıcak ve kurak; kışları ise soğuk ve karlı geçen bir bölgede aşağıdaki iklimlerden hangisi görülür?",
    "rean" : "Karasal İklim"
  },
 {
    "an1" : "Sultan Alaaddin",
    "an2" : "Sultan Alparslan",
    "an3" : "Bumin Kağan",
    "an4" : "Melikşah",
    "categ" : "Tarih",
    "level" : "5",
    "qu_num" : "46",
    "qu_poi" : "25",
    "ques" : "1071’de yapılan Malazgirt Savaşıyla Anadolu’nun kapılarını Türklere açan Selçuklu Sultanı kimdir?",
    "rean" : "Sultan Alparslan"
  },
{
    "an1" : "Köpek",
    "an2" : "Koyun",
    "an3" : "At",
    "an4" : "Kedi",
    "categ" : "Genel Kültür",
    "level" : "4",
    "qu_num" : "47",
    "qu_poi" : "15",
    "ques" : "İlk evcilleştirilmiş hayvan aşağıdakilerden hangisidir?",
    "rean" : "Köpek"
  },
 {
    "an1" : "Nezle",
    "an2" : "Kabakulak",
    "an3" : "Grip",
    "an4" : "Ferç kaşıntısı",
    "categ" : "Genel Kültür",
    "level" : "4",
    "qu_num" : "48",
    "qu_poi" : "15",
    "ques" : "Aşağıdakilerden hangisi çocuk hastalığıdır?",
    "rean" : "Kabakulak"
  },
  {
    "an1" : "Kırılma",
    "an2" : "Dağılma",
    "an3" : "Yayılma",
    "an4" : "Çatlama",
    "categ" : "Fizik",
    "level" : "5",
    "qu_num" : "49",
    "qu_poi" : "14",
    "ques" : "Mercekler ışığın hangi özelliği kullanılarak yapılmıştır?",
    "rean" : "Kırılma"
  },
  {
    "an1" : "Balina",
    "an2" : "Köpek Balığı",
    "an3" : "Kavgacı Siyam Balığı",
    "an4" : "Sudak Balığı",
    "categ" : "Biyoloji",
    "level" : "5",
    "qu_num" : "50",
    "qu_poi" : "14",
    "ques" : "Aşağıdaki balık türlerinden hangisi memelidir?",
    "rean" : "Balina"
  },
 {
    "an1" : "Yılan",
    "an2" : "Kertenkele",
    "an3" : "Tuara",
    "an4" : "Bukalemun",
    "categ" : "Biyoloji",
    "level" : "5",
    "qu_num" : "51",
    "qu_poi" : "14",
    "ques" : "Hangisi sürüngen hayvan değildir?",
    "rean" : "Bukalemun"
  },
{
    "an1" : "Pırasa",
    "an2" : "Ispanak",
    "an3" : "Marul",
    "an4" : "Kereviz",
    "categ" : "Genel Kültür",
    "level" : "5",
    "qu_num" : "52",
    "qu_poi" : "15",
    "ques" : "İçerisinde yüksek oranda demir minerali bulunduran sebze hangisidir?",
    "rean" : "Ispanak"
  },
 {
    "an1" : "Reşat Nuri Güntekin",
    "an2" : "Halide Edip Adıvar",
    "an3" : "Ziya Gökalp",
    "an4" : "Ömer Seyfettin",
    "categ" : "Önemli Kişiler",
    "level" : "5",
    "qu_num" : "53",
    "qu_poi" : "15",
    "ques" : "“Sinekli Bakkal” romanının yazarı aşağıdakilerden hangisidir?",
    "rean" : "Halide Edip Adıvar"
  },
  {
    "an1" : "Batman",
    "an2" : "Kütahya",
    "an3" : "Aydın",
    "an4" : "Muğla",
    "categ" : "Genel Kültür",
    "level" : "5",
    "qu_num" : "54",
    "qu_poi" : "25",
    "ques" : "Hangi ilimizde demiryolu yoktur?",
    "rean" : "Muğla"
  },
 {
    "an1" : "Orhan Pamuk",
    "an2" : "Yahya Kemal Beyatlı",
    "an3" : "Atilla İlhan",
    "an4" : "Samipaşazade Sezai",
    "categ" : "Önemli Kişiler",
    "level" : "5",
    "qu_num" : "55",
    "qu_poi" : "15",
    "ques" : "Cevdet Bey Ve Oğulları Eseri Kime Aittir?",
    "rean" : "Orhan Pamuk"
  },
 {
    "an1" : "İspanya",
    "an2" : "Fransa",
    "an3" : "İngiltere",
    "an4" : "Almanya",
    "categ" : "Ülkeler ve Başkentleri",
    "level" : "5",
    "qu_num" : "56",
    "qu_poi" : "15",
    "ques" : "Aşağıdaki ülkelerden hangisinin nüfüsu daha fazladır? ",
    "rean" : "Almanya"
  },
{
    "an1" : "İstanbul",
    "an2" : "Ankara",
    "an3" : "Gaziantep",
    "an4" : "Selanik",
    "categ" : "Önemli Kişiler",
    "level" : "4",
    "qu_num" : "57",
    "qu_poi" : "15",
    "ques" : "Atatürk hangi ilimizin nüfus kütüğüne kayıtlıdır? ",
    "rean" : "Gaziantep"
  },
  {
    "an1" : "Pınar Karşıyaka",
    "an2" : "Fenerbahçe",
    "an3" : "Anadolu Efes",
    "an4" : "Gaziantep Basketbol",
    "categ" : "Spor",
    "level" : "5",
    "qu_num" : "58",
    "qu_poi" : "14",
    "ques" : "Basketbolda Ülkemize ilk Avrupa kupasını hangi takım kazandırmıştır? ",
    "rean" : "Anadolu Efes"
  },
 {
    "an1" : "Bursa",
    "an2" : "Bolu",
    "an3" : "Batman",
    "an4" : "Antalya",
    "categ" : "Genel Kültür",
    "level" : "5",
    "qu_num" : "59",
    "qu_poi" : "15",
    "ques" : "Tarihi Hasankeyf ilçesi hangi ilimize bağlıdır? ",
    "rean" : "Batman"
  },
 {
    "an1" : "Bursa",
    "an2" : "Edirne",
    "an3" : "İznik",
    "an4" : "Yenişehir",
    "categ" : "Tarih",
    "level" : "4",
    "qu_num" : "60",
    "qu_poi" : "14",
    "ques" : "Osmanlının ilk Başkenti hangi şehirdir? ",
    "rean" : "Yenişehir"
  },
 {
    "an1" : "Can Bonomo",
    "an2" : "Sertap Erener",
    "an3" : "Ajda Pekkan",
    "an4" : "Athena",
    "categ" : "Genel Kültür",
    "level" : "5",
    "qu_num" : "61",
    "qu_poi" : "14",
    "ques" : "Eurovision şarkı yarışmasını kazanan sanatçımız kimdir? ",
    "rean" : "Sertap Erener"
  },
 {
    "an1" : "Orhan Gencebay",
    "an2" : "Tarkan",
    "an3" : "Zeki Müren",
    "an4" : "İbrahim Tatlıses",
    "categ" : "Genel Kültür",
    "level" : "6",
    "qu_num" : "62",
    "qu_poi" : "15",
    "ques" : "Türk müzik piyasasının bugüne kadar en çok albüm kopyası satan sanatçısı hangisidir?",
    "rean" : "İbrahim Tatlıses"
  },
 {
    "an1" : "Rusya",
    "an2" : "Almanya",
    "an3" : "Fransa",
    "an4" : "Abd",
    "categ" : "Ülkeler ve Başkentleri",
    "level" : "6",
    "qu_num" : "63",
    "qu_poi" : "14",
    "ques" : "Avrupa'nın  nüfusu en kalabalık ülkesi hangisidir? ",
    "rean" : "Rusya"
  },
 {
    "an1" : "İstanbul",
    "an2" : "Şanghay",
    "an3" : "Tokyo",
    "an4" : "Pekin",
    "categ" : "Ülkeler ve Başkentleri",
    "level" : "5",
    "qu_num" : "64",
    "qu_poi" : "14",
    "ques" : "Dünyanın en kalabalık başkenti hangisidir? ",
    "rean" : "Tokyo"
  },
 {
    "an1" : "Menekşegiller",
    "an2" : "Gülgiller",
    "an3" : "Maydonozgiller",
    "an4" : "Sarmaşıkgiller",
    "categ" : "Genel Kültür",
    "level" : "6",
    "qu_num" : "65",
    "qu_poi" : "15",
    "ques" : "Aşağıdakilerden hangisi Çilek meyvesinin familyasıdır?",
    "rean" : "Gülgiller"
  },
  {
    "an1" : "Çin",
    "an2" : "Hindistan",
    "an3" : "Abd",
    "an4" : "Portekiz",
    "categ" : "Genel Kültür",
    "level" : "7",
    "qu_num" : "66",
    "qu_poi" : "25",
    "ques" : " Portakalın anavatanı hangi ülkedir? ",
    "rean" : "Hindistan"
  },
  {
    "an1" : "Çin",
    "an2" : "Hindistan",
    "an3" : "Mısır",
    "an4" : "İran",
    "categ" : "Genel Kültür",
    "level" : "7",
    "qu_num" : "67",
    "qu_poi" : "14",
    "ques" : "Tarihte ilk karpuz üretiminin yapıldığı ülke hangisidir?",
    "rean" : "Mısır"
  },
{
    "an1" : "Birleşik Krallık",
    "an2" : "Almanya",
    "an3" : "Fransa",
    "an4" : "Japonya",
    "categ" : "Genel Kültür",
    "level" : "6",
    "qu_num" : "68",
    "qu_poi" : "15",
    "ques" : "İlk televizyon yayını hangi ülkede gerçekleşmiştir? ",
    "rean" : "Birleşik Krallık"
  },
 {
    "an1" : "Fransa",
    "an2" : "İtalya",
    "an3" : "Almanya",
    "an4" : "İngiltere",
    "categ" : "Genel Kültür",
    "level" : "7",
    "qu_num" : "69",
    "qu_poi" : "25",
    "ques" : "Modern bilgisayar ilk hangi ülkede üretilmiştir? ",
    "rean" : "Almanya"
  },
 {
    "an1" : "Kanuni Sultan Süleyman",
    "an2" : "Fatih Sultan Mehmet",
    "an3" : "Yavuz Sultan Selim",
    "an4" : "IV. Mehmet",
    "categ" : "Tarih",
    "level" : "7",
    "qu_num" : "70",
    "qu_poi" : "14",
    "ques" : "Osmanlı imparatorluğunun ilk halifesi kimdir? ",
    "rean" : "Yavuz Sultan Selim"
  },
  {
    "an1" : "Turgut Reis",
    "an2" : "Cemal Reis",
    "an3" : "Piri Reis",
    "an4" : "Pir Reis",
    "categ" : "Genel Kültür",
    "level" : "6",
    "qu_num" : "71",
    "qu_poi" : "15",
    "ques" : "İlk defa dünya haritasını kim çizmiştir?",
    "rean" : "Piri Reis"
  },
 {
    "an1" : "Proboscis Maymunu",
    "an2" : "Cape Yağmur Kurbağası",
    "an3" : "Kanguru",
    "an4" : "Fil kulaklı ahtapot",
    "categ" : "Biyoloji",
    "level" : "6",
    "qu_num" : "72",
    "qu_poi" : "15",
    "ques" : "Avustralya adasının en tanınmış hayvanının ismi nedir?",
    "rean" : "Kanguru"
  },
 {
    "an1" : "Asya ve Avrupa",
    "an2" : "Asya ve Afrika",
    "an3" : "Afrika ve Okyanusya",
    "an4" : "Asya ve Amerika",
    "categ" : "Din",
    "level" : "7",
    "qu_num" : "73",
    "qu_poi" : "14",
    "ques" : "Bulunduğumuz çağda İslam dini en fazla hangi kıtalarda daha fazla yaygındır? ",
    "rean" : "Asya ve Afrika"
  },
  {
    "an1" : "Kuzey Afrika",
    "an2" : "Amerika",
    "an3" : "Asya",
    "an4" : "Güney Afrika",
    "categ" : "Ülkeler ve Başkentleri",
    "level" : "7",
    "qu_num" : "74",
    "qu_poi" : "14",
    "ques" : "Endonezya Devleti hangi kıtadadır? ",
    "rean" : "Asya"
  },
 {
    "an1" : "779.452",
    "an2" : "778.452",
    "an3" : "779.451",
    "an4" : "779.422",
    "categ" : "Ülkeler ve Başkentleri",
    "level" : "7",
    "qu_num" : "75",
    "qu_poi" : "14",
    "ques" : "Türkiye’nin yüzölçümü kaç kilometre karedir? ",
    "rean" : "779.452"
  },
 {
    "an1" : "Ege",
    "an2" : "Marmara",
    "an3" : "Karadeniz",
    "an4" : "Akdeniz",
    "categ" : "Coğrafya",
    "level" : "7",
    "qu_num" : "76",
    "qu_poi" : "14",
    "ques" : "Toros Dağları Türkiye’nin hangi bölgesindedir?",
    "rean" : "Akdeniz"
  },
 {
    "an1" : "Helsinki",
    "an2" : "Roma",
    "an3" : "Amsterdam",
    "an4" : "Astana",
    "categ" : "Ülkeler ve Başkentleri",
    "level" : "7",
    "qu_num" : "77",
    "qu_poi" : "14",
    "ques" : "Hollanda’nın Başkenti Nedir?",
    "rean" : "Amsterdam"
  },
  {
    "an1" : "Recep",
    "an2" : "Şaban",
    "an3" : "Ramazan",
    "an4" : "Muharrem",
    "categ" : "Din",
    "level" : "6",
    "qu_num" : "78",
    "qu_poi" : "15",
    "ques" : "İslami yılbaşı hangi ay ile başlar?",
    "rean" : "Muharrem"
  },
  {
    "an1" : "Kars",
    "an2" : "Erzurum",
    "an3" : "Malatya",
    "an4" : "Erzincan",
    "categ" : "Genel Kültür",
    "level" : "7",
    "qu_num" : "79",
    "qu_poi" : "25",
    "ques" : "2010 yılında ülkemizde düzenlenmiş olan kış olimpiyatları hangi şehirde yapılmıştır? ",
    "rean" : "Erzurum"
  },
 {
    "an1" : "Tenis",
    "an2" : "Tüytop",
    "an3" : "Ping Pong",
    "an4" : "Badminton",
    "categ" : "Spor",
    "level" : "7",
    "qu_num" : "80",
    "qu_poi" : "15",
    "ques" : "Uzun ince raketi olup kaz tüyünden yapılan tüylü topla oynanan oyunun adı nedir?",
    "rean" : "Badminton"
  },
  {
    "an1" : "Paris 1924",
    "an2" : "Amsterdam 1928",
    "an3" : "Berlin 1936",
    "an4" : "Londra 2012",
    "categ" : "Genel Kültür",
    "level" : "7",
    "qu_num" : "81",
    "qu_poi" : "14",
    "ques" : "Olimpiyatlarda ilk birinciliğimiz hangi olimpiyattadır?",
    "rean" : "Berlin 1936"
  },
 {
    "an1" : "Abd",
    "an2" : "Almanya",
    "an3" : "Brazilya",
    "an4" : "İspanya",
    "categ" : "Spor",
    "level" : "7",
    "qu_num" : "82",
    "qu_poi" : "14",
    "ques" : "Voleybol nerde icat edilmiştir? ",
    "rean" : "Abd"
  },
  {
    "an1" : "Rahvan Binicilik",
    "an2" : "Çevgan",
    "an3" : "Polo",
    "an4" : "Cop",
    "categ" : "Spor",
    "level" : "7",
    "qu_num" : "83",
    "qu_poi" : "14",
    "ques" : "İki takım arasında, top ve sopalar yardımıyla at üzerinde oynanan oyunun adı nedir?",
    "rean" : "Polo"
  },
  {
    "an1" : "Celal Bayar",
    "an2" : "İsmet İnönü",
    "an3" : "M.Kemal Atatürk",
    "an4" : "Turgut Özal",
    "categ" : "Genel Kültür",
    "level" : "5",
    "qu_num" : "84",
    "qu_poi" : "14",
    "ques" : "Hangi Cumhurbaşkanımız geometri kitabı yazmıştır?",
    "rean" : "M.Kemal Atatürk"
  },
{
    "an1" : "Fenerbahçe",
    "an2" : "Beşiktaş",
    "an3" : "Galatasaray",
    "an4" : "Trabzonspor",
    "categ" : "Spor",
    "level" : "7",
    "qu_num" : "85",
    "qu_poi" : "14",
    "ques" : "Türkiye futbol liginde en çok şampiyon olan takım hangisidir? ",
    "rean" : "Galatasaray"
  },
 {
    "an1" : "Şahin",
    "an2" : "Kartal",
    "an3" : "Doğan",
    "an4" : "Kanarya",
    "categ" : "Biyoloji",
    "level" : "7",
    "qu_num" : "86",
    "qu_poi" : "14",
    "ques" : "Dünyanın en hızlı uçan hayvanı hangisidir? ",
    "rean" : "Doğan"
  },
{
    "an1" : "Puma",
    "an2" : "Çita",
    "an3" : "Aslan",
    "an4" : "Kaplan",
    "categ" : "Biyoloji",
    "level" : "7",
    "qu_num" : "87",
    "qu_poi" : "14",
    "ques" : "Dünyanın en hızlı koşan hayvanı hangisidir?",
    "rean" : "Çita"
  },
  {
    "an1" : "Fil",
    "an2" : "Gergedan",
    "an3" : "Mavi balina",
    "an4" : "Kalamar",
    "categ" : "Biyoloji",
    "level" : "7",
    "qu_num" : "88",
    "qu_poi" : "14",
    "ques" : "Dünyanın en ağır hayvanı hangisidir? ",
    "rean" : "Mavi balina"
  },
 {
    "an1" : "Güneş",
    "an2" : "Dünya",
    "an3" : "Jüpiter",
    "an4" : "Venüs",
    "categ" : "Genel Kültür",
    "level" : "7",
    "qu_num" : "89",
    "qu_poi" : "14",
    "ques" : "En büyük gezegen hangisidir? ",
    "rean" : "Jüpiter"
  },
  {
    "an1" : "Abd",
    "an2" : "Dubai",
    "an3" : "Katar",
    "an4" : "Almanya",
    "categ" : "Genel Kültür",
    "level" : "7",
    "qu_num" : "90",
    "qu_poi" : "14",
    "ques" : "Dünyanın kişi başına gelir olarak en zengin ülkesi hangisidir? ",
    "rean" : "Katar"
  },
 {
    "an1" : "Messi",
    "an2" : "C. Ronaldo",
    "an3" : "Pele",
    "an4" : "Neymar",
    "categ" : "Spor",
    "level" : "7",
    "qu_num" : "91",
    "qu_poi" : "15",
    "ques" : "Profesyonel kariyerinde en çok gol atan futbolcu kimdir? ",
    "rean" : "Pele"
  },
 {
    "an1" : "Çankaya",
    "an2" : "Şahinbey",
    "an3" : "Esenler",
    "an4" : "Şehitkamik",
    "categ" : "Ülkeler ve Başkentleri",
    "level" : "7",
    "qu_num" : "92",
    "qu_poi" : "14",
    "ques" : "Türkiye'nin en kalabalık ilçesi hangisidir? ",
    "rean" : "Çankaya"
  },
 {
    "an1" : "İtalya",
    "an2" : "Fransa",
    "an3" : "İngiltere",
    "an4" : "Abd",
    "categ" : "Genel Kültür",
    "level" : "7",
    "qu_num" : "93",
    "qu_poi" : "14",
    "ques" : "İlk tren hangi ülkede kullanılmıştır? ",
    "rean" : "İngiltere"
  },
  {
    "an1" : "Ali Paşa Cami",
    "an2" : "Şehzade Cami",
    "an3" : "Selimiye Cami",
    "an4" : "Süleymaniye Cami",
    "categ" : "Genel Kültür",
    "level" : "7",
    "qu_num" : "94",
    "qu_poi" : "14",
    "ques" : "Mimar Sinan'ın ustalık eserim dediği Cami hangisidir? ",
    "rean" : "Selimiye Cami"
  },
  {
    "an1" : "Çamlıca Cami",
    "an2" : "Sabancı Merkez Cami",
    "an3" : "Sultan Ahmet Cami",
    "an4" : "Süleymaniye Cami",
    "categ" : "Genel Kültür",
    "level" : "7",
    "qu_num" : "95",
    "qu_poi" : "15",
    "ques" : "Türkiye'nin en büyük Camisi aşağıdakilerden hangisidir? ",
    "rean" : "Çamlıca Cami"
  },
  {
    "an1" : "Japonya",
    "an2" : "Almanya",
    "an3" : "Çin",
    "an4" : "Amerika",
    "categ" : "Genel Kültür",
    "level" : "7",
    "qu_num" : "96",
    "qu_poi" : "14",
    "ques" : "Dünyada ilk kez cep telefonu hangi ülkede kullanılmıştır? ",
    "rean" : "Amerika"
  },
 {
    "an1" : "Gürcistan",
    "an2" : "Kıbrıs",
    "an3" : "Romanya",
    "an4" : "Arnavutluk",
    "categ" : "Ülkeler ve Başkentleri",
    "level" : "7",
    "qu_num" : "97",
    "qu_poi" : "14",
    "ques" : "Aşağıdaki ülkelerden hangisiyle toprak sınırımız vardır? ",
    "rean" : "Gürcistan"
  },
{
    "an1" : "Erman Kunter",
    "an2" : "Michael Jordan",
    "an3" : "Kerim Abdul Jabbar",
    "an4" : "İbrahim Kutluay",
    "categ" : "Spor",
    "level" : "7",
    "qu_num" : "98",
    "qu_poi" : "25",
    "ques" : "Sadece bir  maçta  153 sayı atarak tarihe geçen basketbolcu kimdir?",
    "rean" : "Erman Kunter"
  },
  {
    "an1" : "Bedriye Tahir Gökmen",
    "an2" : "Sabiha Gökçen",
    "an3" : "Amelia Eahart",
    "an4" : "Manja Blok",
    "categ" : "Genel Kültür",
    "level" : "7",
    "qu_num" : "99",
    "qu_poi" : "14",
    "ques" : "Dünyanın ilk kadın savaş pilotu kimdir? ",
    "rean" : "Sabiha Gökçen"
  },
 {
    "an1" : "Aziz Sancar",
    "an2" : "Cahit Arf",
    "an3" : "Yaşar Gazigil",
    "an4" : "Celal Şengör",
    "categ" : "Gururumuz",
    "level" : "7",
    "qu_num" : "100",
    "qu_poi" : "14",
    "ques" : "Nobel kimya ödülüne layık görülen bilim adamımız kimdir? ",
    "rean" : "Aziz Sancar"
  },
 {
    "an1" : "Keban Barajı",
    "an2" : "Atatürk Barajı",
    "an3" : "Karakaya Barajı",
    "an4" : "Hırfanlı",
    "categ" : "Ülkeler ve Başkentleri",
    "level" : "7",
    "qu_num" : "101",
    "qu_poi" : "14",
    "ques" : "Türkiye'nin en büyük barajının ismi nedir? ",
    "rean" : "Atatürk Barajı"
  },
 {
    "an1" : "Sudan ",
    "an2" : "Mısır",
    "an3" : "Yemen",
    "an4" : "Fas",
    "categ" : "Coğrafya",
    "level" : "6",
    "qu_num" : "102",
    "qu_poi" : "14",
    "ques" : "Nil Nehri hangi Ülkededir?",
    "rean" : "Mısır"
  },
 {
    "an1" : "Romanya",
    "an2" : "Arnavutluk",
    "an3" : "Karadağ ",
    "an4" : "Azerbaycan",
    "categ" : "Ülkeler ve Başkentleri",
    "level" : "6",
    "qu_num" : "103",
    "qu_poi" : "14",
    "ques" : "Aşağıdakilerden hangisi Balkan Ülkelerinden değildir? ",
    "rean" : "Azerbaycan"
  },
  {
    "an1" : "76",
    "an2" : "67",
    "an3" : "82",
    "an4" : "73",
    "categ" : "Diziler ve Filmler",
    "level" : "7",
    "qu_num" : "104",
    "qu_poi" : "14",
    "ques" : "Kemal Sunal kaç filmde rol almıştır?",
    "rean" : "82"
  },
 {
    "an1" : "Balıkesir ",
    "an2" : "Uşak ",
    "an3" : "Aydın",
    "an4" : "Kütahya ",
    "categ" : "Coğrafya ",
    "level" : "6",
    "qu_num" : "105",
    "qu_poi" : "14",
    "ques" : "Aşağıdaki illerimizden hangisinde incir daha çok yetişir?",
    "rean" : "Aydın"
  },
  {
    "an1" : "Vecihi Hürkuş ",
    "an2" : "Ahmet Ali Çelikten ",
    "an3" : "Bedriye Tahir Gökmen ",
    "an4" : "Sabiha Gökçen",
    "categ" : "Genel Kültür ",
    "level" : "7",
    "qu_num" : "106",
    "qu_poi" : "15",
    "ques" : "Türkiye'nin ilk yerli uçağını kim yapmıştır?",
    "rean" : "Vecihi Hürkuş "
  },
  {
    "an1" : "Şanlıurfa",
    "an2" : "Gaziantep",
    "an3" : "Adıyaman",
    "an4" : "Mardin",
    "categ" : "Coğrafya",
    "level" : "6",
    "qu_num" : "107",
    "qu_poi" : "14",
    "ques" : "Güneydoğu Anadolu Bölgesi'nin yüzölçümü en büyük ili hangisidir?",
    "rean" : "Şanlıurfa"
  },
  {
    "an1" : "Yaşar Kemal",
    "an2" : "Ömer Seyfettin",
    "an3" : "Namık Kemal",
    "an4" : "Orhan Pamuk",
    "categ" : "Edebiyat",
    "level" : "6",
    "qu_num" : "108",
    "qu_poi" : "14",
    "ques" : "İnce Memed adlı eserin yazarı kimdir? ",
    "rean" : "Yaşar Kemal"
  },
  {
    "an1" : "Yunanistan",
    "an2" : "Bosna-Hersek",
    "an3" : "Irak",
    "an4" : "Yemen",
    "categ" : "Tarih",
    "level" : "5",
    "qu_num" : "109",
    "qu_poi" : "50",
    "ques" : "Osmanlı Devleti zamanında \"Anabolu\" olarak adlandırılan yer, günümüzde hangi ülkenin sınırları içerisindedir? ",
    "rean" : "Yunanistan"
  },
  {
    "an1" : "Lale Devri",
    "an2" : "Fetret Devri",
    "an3" : "Köprülüler Devri",
    "an4" : "Tanzimat Devri",
    "categ" : "Tarih",
    "level" : "5",
    "qu_num" : "110",
    "qu_poi" : "40",
    "ques" : "\"15. Yüzyılda Osmanlı Devleti \" adlı bir kitabın konu başlıklarından biri hangisi olabilir? ",
    "rean" : "Fetret Devri"
  },
  {
    "an1" : "Jim Carrey",
    "an2" : "Leonardo DiCaprio",
    "an3" : "Eddie Murphy",
    "an4" : "Johnny Depp",
    "categ" : "Filmler ve diziler",
    "level" : "7",
    "qu_num" : "111",
    "qu_poi" : "80",
    "ques" : "\"Ace Ventura\" adlı film serisinde, ana karakter Ace Ventura'yı kim canlandırmıştır? ",
    "rean" : "Jim Carrey"
  },
  {
    "an1" : "Frambuaz",
    "an2" : "Ananas",
    "an3" : "Durian",
    "an4" : "Hindistan Cevizi",
    "categ" : "Genel Kültür",
    "level" : "6",
    "qu_num" : "112",
    "qu_poi" : "40",
    "ques" : "Hangisi \"tropikal meyve\" olarak bilinen meyvelerden biri değildir? ",
    "rean" : "Frambuaz"
  },
  {
    "an1" : "Şut",
    "an2" : "Vole",
    "an3" : "Kleps",
    "an4" : "Par",
    "categ" : "Genel Kültür",
    "level" : "6",
    "qu_num" : "113",
    "qu_poi" : "40",
    "ques" : "Golfte, topu belli bir deliğe sokmak için yapılabilecek belirlenmiş vuruş sayısına ne ad verilir? ",
    "rean" : "Par"
  },
 {
    "an1" : "20",
    "an2" : "30",
    "an3" : "40",
    "an4" : "50",
    "categ" : "Genel Kültür",
    "level" : "6",
    "qu_num" : "114",
    "qu_poi" : "50",
    "ques" : "Evliya Çelebi'nin \"Seyehatname\" adlı eserinde anlattığı gezileri yaklaşık kaç yıl sürmüştür? ",
    "rean" : "50"
  },
{
    "an1" : "21 Haziaran",
    "an2" : "6 Aralık",
    "an3" : "20 Temmuz",
    "an4" : "4 Eylül",
    "categ" : "Genel Kültür",
    "level" : "7",
    "qu_num" : "115",
    "qu_poi" : "10",
    "ques" : "Hayvanları koruma günü hangi gündür?",
    "rean" : "4 Eylül"
  },
  {
    "an1" : "-1",
    "an2" : "-99999999.....",
    "an3" : "0",
    "an4" : "(-1)",
    "categ" : "Matematik",
    "level" : "7",
    "qu_num" : "116",
    "qu_poi" : "15",
    "ques" : "En Büyük Negatif Tam sayı Aşağıdakilerden Hangisidir?",
    "rean" : "-1"
  },
 {
    "an1" : "Nevşehir",
    "an2" : "Adıyaman",
    "an3" : "Mersin",
    "an4" : "Kütahya",
    "categ" : "Genel Kültür",
    "level" : "7",
    "qu_num" : "117",
    "qu_poi" : "15",
    "ques" : "Cennet-Cehennem mağaraları hangi ilimizdedir?",
    "rean" : "Mersin"
  },
   {
    "an1" : "Sofya",
    "an2" : "Atina  ",
    "an3" : "Moskova ",
    "an4" : "İstanbul",
    "categ" : "Genel kultur ",
    "level" : "7",
    "qu_num" : "118",
    "qu_poi" : "15",
    "ques" : "Ortadoksların Mezhebinin Merkez Kilisesi Hangi Şehirdedir?",
    "rean" : "İstanbul"
  },
{
    "an1" : "109",
    "an2" : "89",
    "an3" : "103",
    "an4" : "106",
    "categ" : "Genel Kültür ",
    "level" : "6",
    "qu_num" : "119",
    "qu_poi" : "15",
    "ques" : "Okey Oyun Taşı Kaç Adettir ?",
    "rean" : "106"
  },
 {
    "an1" : "Orhan Veli Kanık",
    "an2" : "Can Yücel ",
    "an3" : "Necip Fazıl Kısakürek ",
    "an4" : "Cahit Sıtkı Tarancı",
    "categ" : "Edebiyat",
    "level" : "6",
    "qu_num" : "120",
    "qu_poi" : "14",
    "ques" : "Kaldırımlar Şiirinin Şairi Kimdir?",
    "rean" : "Necip Fazıl Kısakürek "
  },
 {
    "an1" : "Cem Karaca",
    "an2" : "Barış Manço",
    "an3" : "Erkin Koray",
    "an4" : "Fedon",
    "categ" : "Müzik ",
    "level" : "6",
    "qu_num" : "121",
    "qu_poi" : "14",
    "ques" : "Dönence Şarkısı Hangi Ünlü Sanatçımıza Aittir?",
    "rean" : "Barış Manço"
  },
 {
    "an1" : "Neşe Karaböcek ",
    "an2" : "Ferdi Tayfur",
    "an3" : "Zeki Müren ",
    "an4" : "İbrahim Tatlıses ",
    "categ" : "Müzik ",
    "level" : "8",
    "qu_num" : "122",
    "qu_poi" : "14",
    "ques" : "16 sefer Altın Plak Ödülü alarak bu rekoru Elinde Bulunduran Sanatçımız Kimdir?",
    "rean" : "Neşe Karaböcek "
  },
  {
    "an1" : "Hakkı Bulut",
    "an2" : "Müslüm Gürses ",
    "an3" : "Barış Manço ",
    "an4" : "İbrahim Tatlıses",
    "categ" : "Müzik ",
    "level" : "8",
    "qu_num" : "123",
    "qu_poi" : "14",
    "ques" : "Kendi Besteleri ile 60 Tane Albüm Yaparak Türkiye'de bu Rekoru Elinde Bulunduran Sanatçımız Kimdir?",
    "rean" : "Hakkı Bulut"
  },
 {
    "an1" : "Erol Taş ",
    "an2" : "Hulusi Kentmen",
    "an3" : "Münir Özkul ",
    "an4" : "Adile Naşit",
    "categ" : "Sinema",
    "level" : "8",
    "qu_num" : "124",
    "qu_poi" : "14",
    "ques" : "600 Filmde Rol Alarak Bu Alanda Rekoru Elinde Bulunduran Sanatçımız Kimdir?",
    "rean" : "Erol Taş "
  },
 {
    "an1" : "Rüştü Asyalı ",
    "an2" : "Öztürk Serengil ",
    "an3" : "Münir Özkul",
    "an4" : "Sadri Alışık",
    "categ" : "Sinema",
    "level" : "7",
    "qu_num" : "125",
    "qu_poi" : "15",
    "ques" : "Turist Ömer Karakterine Can Veren Sanatçımız Kimdir?",
    "rean" : "Sadri Alışık"
  },
  {
    "an1" : "Şener Şen",
    "an2" : "Yeşim Salkım ",
    "an3" : "Uğur Yücel",
    "an4" : "Nejat İşler",
    "categ" : "Sinema",
    "level" : "7",
    "qu_num" : "126",
    "qu_poi" : "15",
    "ques" : "Eşkıya Filminde Hangi Sanatçımız Rol Almamıştır?",
    "rean" : "Nejat İşler"
  },
  {
    "an1" : "Tokyo",
    "an2" : "Pekin",
    "an3" : "Londra",
    "an4" : "New York",
    "categ" : "Genel Kültür",
    "level" : "6",
    "qu_num" : "127",
    "qu_poi" : "60",
    "ques" : "Hangi şehirdeki metro istasyonu sayısı diğerlerinden daha fazladır? ",
    "rean" : "New York"
  },
 {
    "an1" : "Arapça",
    "an2" : "Çince",
    "an3" : "Tibetçe",
    "an4" : "İngilizce",
    "categ" : "Genel Kültür",
    "level" : "6",
    "qu_num" : "128",
    "qu_poi" : "80",
    "ques" : "Avrasyatik dil teorisine göre Türkçe hangisiyle daha yakın akrabadır? ",
    "rean" : "İngilizce"
  },
 {
    "an1" : "3",
    "an2" : "4",
    "an3" : "5",
    "an4" : "6",
    "categ" : "Genel Kültür",
    "level" : "5",
    "qu_num" : "129",
    "qu_poi" : "10",
    "ques" : "Cumhurbaşkanı kaç yılda bir seçilir? ",
    "rean" : "5"
  }
 ]
