[
 {
   "image_url" : "https",
    "an1" : "Develeasyon",
    "an2" : "Enflasyon",
    "an3" : "Deflasyon",
    "an4" : "Cereme",
    "categ" : "Genel Kültür",
    "level" : "1",
    "qu_num" : "0",
    "qu_poi" : "14",
    "ques" : "Paranın değerinin düşmesine ne denir? ",
    "rean" : "Enflasyon"
  },
 {
    "image_url" : "https",
    "an1" : "Toros Dağları",
    "an2" : "Aladağlar",
    "an3" : "Ağrı Dağı",
    "an4" : "Süphan Dağı",
    "categ" : "Coğrafya",
    "level" : "1",
    "qu_num" : "1",
    "qu_poi" : "14",
    "ques" : "Türkiye'nin en yüksek dağı nedir? ",
    "rean" : "Ağrı Dağı"
  },
  {
      "image_url" : "https",
    "an1" : "Bakü",
    "an2" : "Dhaka",
    "an3" : "Brüksel",
    "an4" : "Berlin",
    "categ" : "Ülkeler ve Başkentleri",
    "level" : "1",
    "qu_num" : "3",
    "qu_poi" : "14",
    "ques" : "Avrupanın birliğinin başkenti neresidir?",
    "rean" : "Brüksel"
  },
  {
  "image_url" : "https",
    "an1" : "Grönland",
    "an2" : "Yeni Gine",
    "an3" : "Borneo",
    "an4" : "Madagaskar",
    "categ" : "Genel Kültür",
    "level" : "2",
    "qu_num" : "4",
    "qu_poi" : "14",
    "ques" : "Dünyanın en büyük adası hangisidir? ",
    "rean" : "Grönland"
  },
 {
   "image_url" : "https",
   "an1" : "Galen",
    "an2" : "İbn-i Sina",
    "an3" : "Herodot",
    "an4" : "Hipokrat",
    "categ" : "Önemli Kişiler",
    "level" : "2",
    "qu_num" : "5",
    "qu_poi" : "15",
    "ques" : "Aşağıdakilerden hangisi İspanyol Tıp Bilginidir?",
    "rean" : "Hipokrat"
  },
{    
    "image_url" : "https",
    "an1" : "Bor",
    "an2" : "Demir",
    "an3" : "Zımpara Taşı",
    "an4" : "Oltu Taşı",
    "categ" : "Madenler",
    "level" : "1",
    "qu_num" : "6",
    "qu_poi" : "14",
    "ques" : "Aşağıdakilerden hangisi \nErzurum'da çıkarılan madendir?",
    "rean" : "Oltu Taşı"
  },
  {
  "image_url" : "https",
    "an1" : "Şinasi",
    "an2" : "Namık Kemal",
    "an3" : "Yaşar Kemal",
    "an4" : "Oğuz Atay",
    "categ" : "Önemli Kişiler",
    "level" : "2",
    "qu_num" : "7",
    "qu_poi" : "14",
    "ques" : "İlk yerli tiyatro yazarı kimdir? ",
    "rean" : "Şinasi"
  },
 {
 "image_url" : "https",
    "an1" : "Salda Gölü",
    "an2" : "Baykal Gölü",
    "an3" : "Akşehir Gölü",
    "an4" : "Sapanca Gölü",
    "categ" : "Coğrafya",
    "level" : "2",
    "qu_num" : "8",
    "qu_poi" : "14",
    "ques" : "Dünyanın en büyük gölü hangisidir? ",
    "rean" : "Baykal Gölü"
  },
 {
 "image_url" : "https",
    "an1" : "Alma Ata",
    "an2" : "Tirana",
    "an3" : "Canberra",
    "an4" : "Jakarta",
    "categ" : "Ülkeler ve Başkentleri",
    "level" : "2",
    "qu_num" : "9",
    "qu_poi" : "14",
    "ques" : "Kazakistan'ın başkenti neresidir? ",
    "rean" : "Alma Ata"
  },
 {
 "image_url" : "https",
    "an1" : "Luis Pastör",
    "an2" : "Marie Curie",
    "an3" : "Nicolaus Copernicus",
    "an4" : "Batlamyus",
    "categ" : "Önemli Kişiler",
    "level" : "2",
    "qu_num" : "10",
    "qu_poi" : "14",
    "ques" : "Kuduz aşısını bulan kişi kimdir? ",
    "rean" : "Luis Pastör"
  },
 {
 "image_url" : "https",
    "an1" : "Belçika",
    "an2" : "Guatemala",
    "an3" : "Güney Afrika",
    "an4" : "Luxembourg",
    "categ" : "Ülkeler ve Başkentleri",
    "level" : "2",
    "qu_num" : "11",
    "qu_poi" : "14",
    "ques" : "Aşağıdaki ülkelerden hangisinin iki başkenti vardır? ",
    "rean" : "Güney Afrika"
  },
  {
  "image_url" : "https",
    "an1" : "Neşeli Günler",
    "an2" : "Muhsin Bey",
    "an3" : "Tatlı Dillim",
    "an4" : "Öyle Olsun",
    "categ" : "Dizi ve Filmler",
    "level" : "3",
    "qu_num" : "12",
    "qu_poi" : "14",
    "ques" : "Aşağıdaki filmlerden hangisinde Tarık Akan ve Kemal Sunal rol almıştır? ",
    "rean" : "Tatlı Dillim"
  },
 {
 "image_url" : "https",
    "an1" : "Bişkek",
    "an2" : "Taşkent",
    "an3" : "Lisbon",
    "an4" : "Baku",
    "categ" : "Ülkeler ve Başkentleri",
    "level" : "2",
    "qu_num" : "13",
    "qu_poi" : "14",
    "ques" : "Özbekistan'ın başkenti hangisidir? ",
    "rean" : "Taşkent"
  },
 {
 "image_url" : "https",
    "an1" : "Cevat Şakir",
    "an2" : "Yakup Kadri Karaosmanoğlu",
    "an3" : "Yaşar Kemal",
    "an4" : "Orhan Kemal",
    "categ" : "Önemli Kişiler",
    "level" : "3",
    "qu_num" : "14",
    "qu_poi" : "15",
    "ques" : "Halikarnas Balıkçısı adlı eserin yazarı kimdir? ",
    "rean" : "Cevat Şakir"
  },
 {
 "image_url" : "https",
    "an1" : "Fransa",
    "an2" : "Almanya",
    "an3" : "Belçika",
    "an4" : "İtalya",
    "categ" : "Coğrafya",
    "level" : "3",
    "qu_num" : "15",
    "qu_poi" : "15",
    "ques" : "Sicilya adası hangi ülkenin sınırları içerisindedir? ",
    "rean" : "İtalya"
  },
  {
  "image_url" : "https",
    "an1" : "Isaac Newton",
    "an2" : "El-Bîrûnî",
    "an3" : "El-Cezeri",
    "an4" : "Arşimed",
    "categ" : "Önemli Kişiler",
    "level" : "3",
    "qu_num" : "16",
    "qu_poi" : "15",
    "ques" : "Kaldıraç Kuramı'nı bulan bilim insanı kimdir? ",
    "rean" : "Arşimed"
  },
 {
 "image_url" : "https",
    "an1" : "Nibelungen",
    "an2" : "Alp Er Tunga Destanı",
    "an3" : "Yaratılış Destanı",
    "an4" : "Şu Destanı",
    "categ" : "Destanlar",
    "level" : "3",
    "qu_num" : "17",
    "qu_poi" : "15",
    "ques" : "Almanlara ait olan destanın adı nedir? ",
    "rean" : "Nibelungen"
  },
 {
 "image_url" : "https",
    "an1" : "BM",
    "an2" : "UNESCO",
    "an3" : "DSÖ",
    "an4" : "UNICEF",
    "categ" : "Topluluklar ve Kuruluşlar",
    "level" : "1",
    "qu_num" : "2",
    "qu_poi" : "14",
    "ques" : "Aşağıdakilerden hangisi Çocukları Koruma Vakfıdır? ",
    "rean" : "UNICEF"
  },
 {
 "image_url" : "https",
    "an1" : "Frederic Chopin",
    "an2" : "Pyotr İlyiç Çaykovski",
    "an3" : "Johannes Brahms",
    "an4" : "Ludwig van Beethoven",
    "categ" : "Önemli Kişiler",
    "level" : "3",
    "qu_num" : "18",
    "qu_poi" : "15",
    "ques" : "Kuğu Gölü adlı beste kime aittir? ",
    "rean" : "Pyotr İlyiç Çaykovski"
  },
 {
 "image_url" : "https",
    "an1" : "Andre Gide",
    "an2" : "Alphonse Daudet",
    "an3" : "Daniel Defoe",
    "an4" : "Miguel de Cervantes",
    "categ" : "Önemli Kişiler",
    "level" : "3",
    "qu_num" : "19",
    "qu_poi" : "15",
    "ques" : "Don Kişot adlı eserin yazarı kimdir? ",
    "rean" : "Miguel de Cervantes"
  },
 {
 "image_url" : "https",
    "an1" : "Edirne",
    "an2" : "Trakya",
    "an3" : "Buca",
    "an4" : "Antakya",
    "categ" : "Coğrafya",
    "level" : "3",
    "qu_num" : "20",
    "qu_poi" : "15",
    "ques" : "Kırkpınar Güreşleri ile ünlü olan şehrimiz hangisidir? ",
    "rean" : "Edirne"
  },
 {
 "image_url" : "https",
    "an1" : "Frigyalılar",
    "an2" : "Lidyalılar",
    "an3" : "Artuklular",
    "an4" : "Sartuklular",
    "categ" : "Tarih",
    "level" : "3",
    "qu_num" : "21",
    "qu_poi" : "15",
    "ques" : "Karun Hazineleri hangi milletin hükümdarına aittir? ",
    "rean" : "Lidyalılar"
  },
 {
 "image_url" : "https",
    "an1" : "Margaret Thatcher",
    "an2" : "Bernadette Nicole",
    "an3" : "Carolinna Laney",
    "an4" : "Margaret Olive",
    "categ" : "Önemli Kişiler",
    "level" : "3",
    "qu_num" : "22",
    "qu_poi" : "15",
    "ques" : "Birleşik Krallık'ta en uzun süre başbakanlık yapan kişi ve ülkenin ilk kadın başbakanı kimdir? ",
    "rean" : "Margaret Thatcher"
  },
  {
  "image_url" : "https",
    "an1" : "Kümbet",
    "an2" : "Ziggurat",
    "an3" : "Piramit",
    "an4" : "Haldi",
    "categ" : "Tarih",
    "level" : "3",
    "qu_num" : "23",
    "qu_poi" : "15",
    "ques" : "Sümer Tapınaklarına verilen isim nedir? ",
    "rean" : "Ziggurat"
  },
  {
  "image_url" : "https",
    "an1" : "Hititler",
    "an2" : "Frigyalılar",
    "an3" : "Urartular",
    "an4" : "Sümerler",
    "categ" : "Tarih",
    "level" : "4",
    "qu_num" : "24",
    "qu_poi" : "14",
    "ques" : "İlk yazılı hukuk kuralları hangi uygarlık tarafından oluşturulmuştur? ",
    "rean" : "Sümerler"
  },
 {
 "image_url" : "https",
    "an1" : "Artuklular",
    "an2" : "Frigyalılar",
    "an3" : "Aztekler",
    "an4" : "Mısırlılar",
    "categ" : "Tarih",
    "level" : "4",
    "qu_num" : "25",
    "qu_poi" : "14",
    "ques" : "Midas Mezarı hangi uygarlığın eserleri arasındadır? ",
    "rean" : "Frigyalılar"
  },
{
"image_url" : "https",
    "an1" : "Fransa",
    "an2" : "İtalya",
    "an3" : "Almanya",
    "an4" : "Rusya",
    "categ" : "Tarih",
    "level" : "3",
    "qu_num" : "26",
    "qu_poi" : "15",
    "ques" : "Rönesans aşağıdaki ülkelerden hangisinde başlamıştır? ",
    "rean" : "Almanya"
  },
 {
 "image_url" : "https",
    "an1" : "Kıdem",
    "an2" : "Beka",
    "an3" : "Vahdaniyet",
    "an4" : "Muhalefet-ün Lil Havadis",
    "categ" : "Din",
    "level" : "3",
    "qu_num" : "27",
    "qu_poi" : "15",
    "ques" : "Allahın sonradan yarattıklarına benzememesi anlamına gelen sıfat Hangisidir? ",
    "rean" : "Muhalefet-ün Lil Havadis"
  },
 {
 "image_url" : "https",
    "an1" : "Fatiha Sûresi",
    "an2" : "Bakara Sûresi",
    "an3" : "Felak Sûresi",
    "an4" : "Nisa Sûresi",
    "categ" : "Din",
    "level" : "4",
    "qu_num" : "28",
    "qu_poi" : "14",
    "ques" : "Kur'an-ı Kerim'in ilk sûresi hangisidir? ",
    "rean" : "Fatiha Sûresi"
  },
 {
 "image_url" : "https",
    "an1" : "1876 Anayasası",
    "an2" : "1919 Anayasası",
    "an3" : "1923 Anayasası",
    "an4" : "1921 Anayasası",
    "categ" : "Tarih",
    "level" : "4",
    "qu_num" : "29",
    "qu_poi" : "14",
    "ques" : "Türkiye Cumhuriyeti'nin ilk anayasası hangisidir? ",
    "rean" : "1921 Anayasası"
  },
  {
  "image_url" : "https",
    "an1" : "21 Aralık",
    "an2" : "21 Haziran",
    "an3" : "23 Temmuz",
    "an4" : "21 Mart",
    "categ" : "Coğrafya",
    "level" : "4",
    "qu_num" : "30",
    "qu_poi" : "14",
    "ques" : "Kuzey Yarım Kürede ilk bahar başlangıç tarihi nedir? ",
    "rean" : "21 Mart"
  },
{
"image_url" : "https",
    "an1" : "Oksijen",
    "an2" : "Hidrojen",
    "an3" : "Karbondioksit",
    "an4" : "Azot",
    "categ" : "Coğrafya",
    "level" : "4",
    "qu_num" : "31",
    "qu_poi" : "14",
    "ques" : "Atmosferde en fazla bulunan gaz hangisidir? ",
    "rean" : "Azot"
  },
{
"image_url" : "https",
    "an1" : "Barkan",
    "an2" : "Kumul",
    "an3" : "Lapya",
    "an4" : "Polye",
    "categ" : "Coğrafya",
    "level" : "4",
    "qu_num" : "32",
    "qu_poi" : "14",
    "ques" : "Hilal şeklinde oluşan kum tepesine ne denir? ",
    "rean" : "Barkan"
  },
{
"image_url" : "https",
    "an1" : "Akdeniz Bölgesi",
    "an2" : "Karadeniz Bölgesi",
    "an3" : "Ege Bölgesi",
    "an4" : "Marmara Bölgesi",
    "categ" : "Coğrafya",
    "level" : "4",
    "qu_num" : "33",
    "qu_poi" : "14",
    "ques" : "Aşağıdaki hangi coğrafi bölgelerden hangisinde dağlar denize dik uzanır?",
    "rean" : "Ege Bölgesi"
  },
 {
 "image_url" : "https",
    "an1" : "Neşet Ertaş",
    "an2" : "Kıvırcık Ali",
    "an3" : "Aşık Veysel",
    "an4" : "Aşık Reyhani",
    "categ" : "Önemli Kişiler",
    "level" : "4",
    "qu_num" : "34",
    "qu_poi" : "14",
    "ques" : "Bozkırın tezenesi lakaplı rahmetli halk ozanı kimdir?",
    "rean" : "Neşet Ertaş"
  },
 {
 "image_url" : "https",
    "an1" : "Gayzer",
    "an2" : "Fay",
    "an3" : "Lav",
    "an4" : "Kaplıca",
    "categ" : "Coğrafya",
    "level" : "4",
    "qu_num" : "35",
    "qu_poi" : "14",
    "ques" : "Yerden fışkırarak çıkan sıcak su kaynaklarına ne ad verilir? ",
    "rean" : "Gayzer"
  },
 {
 "image_url" : "https",
    "an1" : "Buğday",
    "an2" : "Arpa",
    "an3" : "Yulaf",
    "an4" : "Çeltik",
    "categ" : "Coğrafya",
    "level" : "4",
    "qu_num" : "36",
    "qu_poi" : "14",
    "ques" : "Pirinç hangi ürünün kabuğunun soyulması ile elde edilir?",
    "rean" : "Çeltik"
  },
 {
 "image_url" : "https",
    "an1" : "Simograf",
    "an2" : "Tomograf",
    "an3" : "Higrometre",
    "an4" : "Pensampermetre",
    "categ" : "Genel Kültür",
    "level" : "4",
    "qu_num" : "37",
    "qu_poi" : "14",
    "ques" : "Depremin büyüklüğünü ve süresini ölçen alete ne ad verilir ?",
    "rean" : "Simograf"
  },
 {
 "image_url" : "https",
    "an1" : "Gelincik",
    "an2" : "Kır Çiçeği",
    "an3" : "Lotus",
    "an4" : "Tulipa",
    "categ" : "Genel Kültür",
    "level" : "4 ",
    "qu_num" : "38",
    "qu_poi" : "14",
    "ques" : "Yazın kırlarda ve ekin tarlalarında yetişen kırmızı narin çiçek hangisidir?",
    "rean" : "Gelincik"
  },
  {
  "image_url" : "https",
    "an1" : "Fatih Sultan Mehmet",
    "an2" : "Yavuz Sultan Selim",
    "an3" : "Abdülhamid Han",
    "an4" : "Kanun-i  Sultan Süleyman",
    "categ" : "Tarih",
    "level" : "4",
    "qu_num" : "39",
    "qu_poi" : "14",
    "ques" : "Rumeli hisarı hangi padişah tarafından yaptırılmıştır? ",
    "rean" : "Fatih Sultan Mehmet"
  },
  {
  "image_url" : "https",
    "an1" : "Vedat Tek",
    "an2" : "Mimar Kemaleddin",
    "an3" : "Balyan Kardeşler",
    "an4" : "Mimar Sinan",
    "categ" : "Önemli Kişiler",
    "level" : "5",
    "qu_num" : "40",
    "qu_poi" : "25",
    "ques" : "Türk tarihinin en ünlü mimarı kimdir?",
    "rean" : "Mimar Sinan"
  },
 {
 "image_url" : "https",
    "an1" : "Hasan Dağı",
    "an2" : "Erciyes Dağı",
    "an3" : "Tendürek Dağı",
    "an4" : "Melendiz Dağı",
    "categ" : "Coğrafya",
    "level" : "5",
    "qu_num" : "41",
    "qu_poi" : "25",
    "ques" : "Aşağıdaki dağlardan hangisi volkanik bir dağdır?",
    "rean" : "Erciyes Dağı"
  },
 {
 "image_url" : "https",
    "an1" : "Kümbet",
    "an2" : "Otağ",
    "an3" : "Balbal",
    "an4" : "Çenge",
    "categ" : "Tarih",
    "level" : "3",
    "qu_num" : "42",
    "qu_poi" : "14",
    "ques" : "Türk hanlarının yaşadığı çerge olarak da bilinen büyük ve süslü çadırın adı nedir?",
    "rean" : "Otağ"
  },
 {
 "image_url" : "https",
    "an1" : "Hicri Takvim",
    "an2" : "Celali Takvim",
    "an3" : "Rumi Takvim",
    "an4" : "Tibet Takvimi",
    "categ" : "Tarih",
    "level" : "3",
    "qu_num" : "43",
    "qu_poi" : "15",
    "ques" : "Aşağıdaki takvimlerden hangisini Türkler kullanmamıştır?",
    "rean" : "Tibet Takvimi"
  },
  {
  "image_url" : "https",
    "an1" : "TEV",
    "an2" : "TEMA",
    "an3" : "ÇEKÜL",
    "an4" : "BİSAV",
    "categ" : "Topluluklar ve Kuruluşlar",
    "level" : "4",
    "qu_num" : "44",
    "qu_poi" : "14",
    "ques" : "Türkiye'yi ağaçlandırmak ve erozyonla mücadele etmek olan kurulan Sivil Toplum Kuruluşu, aşağıdakilerden hangisidir?",
    "rean" : "TEMA"
  },
  {
  "image_url" : "https",
    "an1" : "Ekvatoral İklim",
    "an2" : "Tropikal İklim",
    "an3" : "Çöl İklimi",
    "an4" : "Karasal İklim",
    "categ" : "Coğrafya",
    "level" : "4",
    "qu_num" : "45",
    "qu_poi" : "14",
    "ques" : "Yazları sıcak ve kurak; kışları ise soğuk ve karlı geçen bir bölgede aşağıdaki iklimlerden hangisi görülür?",
    "rean" : "Karasal İklim"
  },
 {
 "image_url" : "https",
    "an1" : "Sultan Alaaddin",
    "an2" : "Sultan Alparslan",
    "an3" : "Bumin Kağan",
    "an4" : "Melikşah",
    "categ" : "Tarih",
    "level" : "5",
    "qu_num" : "46",
    "qu_poi" : "25",
    "ques" : "1071’de yapılan Malazgirt Savaşıyla Anadolu’nun kapılarını Türklere açan Selçuklu Sultanı kimdir?",
    "rean" : "Sultan Alparslan"
  },
{
 "image_url" : "https",
    "an1" : "Köpek",
    "an2" : "Koyun",
    "an3" : "At",
    "an4" : "Kedi",
    "categ" : "Genel Kültür",
    "level" : "4",
    "qu_num" : "47",
    "qu_poi" : "15",
    "ques" : "İlk evcilleştirilmiş hayvan aşağıdakilerden hangisidir?",
    "rean" : "Köpek"
  },
 {
 "image_url" : "https",
    "an1" : "Nezle",
    "an2" : "Kabakulak",
    "an3" : "Grip",
    "an4" : "Ferç kaşıntısı",
    "categ" : "Genel Kültür",
    "level" : "4",
    "qu_num" : "48",
    "qu_poi" : "15",
    "ques" : "Aşağıdakilerden hangisi çocuk hastalığıdır?",
    "rean" : "Kabakulak"
  },
  {
  "image_url" : "https",
    "an1" : "Kırılma",
    "an2" : "Dağılma",
    "an3" : "Yayılma",
    "an4" : "Çatlama",
    "categ" : "Fizik",
    "level" : "5",
    "qu_num" : "49",
    "qu_poi" : "14",
    "ques" : "Mercekler ışığın hangi özelliği kullanılarak yapılmıştır?",
    "rean" : "Kırılma"
  },
  {
  "image_url" : "https",
    "an1" : "Balina",
    "an2" : "Köpek Balığı",
    "an3" : "Kavgacı Siyam Balığı",
    "an4" : "Sudak Balığı",
    "categ" : "Biyoloji",
    "level" : "5",
    "qu_num" : "50",
    "qu_poi" : "14",
    "ques" : "Aşağıdaki balık türlerinden hangisi memelidir?",
    "rean" : "Balina"
  }
 ]
