[
  {
   "slider_id" : "0",
    "slider_image" : "https://bestof.ae/wp-content/uploads/2021/12/earn-money-online-in-uae.png",
    "slider_image_description" : "Bilgi için tıkla",
     "slider_image_description_others" : "Invite your friend and earn",
    "slider_image_link" : "Reklam kazancımızı arttırmamıza yardım ederek size daha az puan gerektiren elmaslar vermemizi sağlayabilirsiniz.",
    "slider_image_link_others" : "You can earn point,lets invite them! :) Don't forget to check out my profile or tasks page!",
     "slider_show" : "show",
      "slider_type" : "info"
  },
  {
   "slider_id" : "1",
    "slider_image" : "https://encrypted-tbn0.gstatic.com/images?q=tbn:ANd9GcRdqcTgf1S1rt842HtpBty1T_N4CyeJPdiNQi7vAuLuSJEvOcXFA3Q0Bte0if34YU3bxGo&usqp=CAU",
    "slider_image_description" : "25 Çark Hakkı Hediye!",
    "slider_image_description_others" : "25 Spin right Free!",
    "slider_image_link" : "25",
     "slider_image_link_others" : "25",
    "slider_show" : "hide",
    "slider_type" : "spinb4434444c" 
  },
  {
     "slider_id" : "2",
    "slider_image" : "https://img.freepik.com/free-vector/money-gift-as-charity-donation-bonus-reward-as-cashback-prize-jackpot-lucky-win-present_212005-448.jpg?size=626&ext=jpg",
    "slider_image_description" : "5 Kazıma hakkı Hediye!",
     "slider_image_description_others" : "Application Active!",
     "slider_image_link" : "5",
      "slider_image_link_others" : "Application active ",
    "slider_show" : "hide",
    "slider_type" : "scratfch"
  },
  {
     "slider_id" : "3",
    "slider_image" : "https://img.freepik.com/free-vector/money-gift-as-charity-donation-bonus-reward-as-cashback-prize-jackpot-lucky-win-present_212005-448.jpg?size=626&ext=jpg",
    "slider_image_description" : "5 Joker Hediye!",
     "slider_image_description_others" : "Application active.",
     "slider_image_link" : "5",
      "slider_image_link_others" : "Application active ",
    "slider_show" : "hide",
    "slider_type" : "scratchpoint"
  },
   {
      "slider_id" : "4",
    "slider_image" : "https://assets.change.org/photos/8/lc/ql/aQLcQLfLRPFFKtx-800x450-noPad.jpg?1513979191",
    "slider_image_description" : "1 Mama bağışla",
     "slider_image_description_others" : "Donate 1 Pet Food",
    "slider_image_link" : "Şanslı Cevap uygulaması olarak sokak hayvanlarına biz de destek oluyoruz! Sizlerin desteğiyle onlara 1 mama hediye ediyoruz, cüzdan bölümünden hediye edebilirsiniz :)",
     "slider_image_link_others" : "As the Lucky Answer application, we also support stray animals! With your support, we are giving them 1 food as a gift, you can gift them in the wallet section :)",
    "slider_show" : "hide",
    "slider_type" : "info"
  },
  {
     "slider_id" : "5",
      "slider_image" : "https://static.daktilo.com/sites/830/uploads/2021/07/30/large/nefes.jpg",
    "slider_image_description" : "1 Fidan Bağışla",
     "slider_image_description_others" : "Donate 1 Sapling",
    "slider_image_link" : "Şanslı Cevap uygulaması olarak çevreye biz de destek oluyoruz! Sizlerin desteğiyle onlara 1 fidan hediye ediyoruz, cüzdan bölümünden hediye edebilirsiniz :)",
     "slider_image_link_others" : "As the Lucky Answer application, we also support the environment! With your support, we are giving them 1 sapling as a gift, you can gift it from the wallet section :)",
     "slider_show" : "hide",
      "slider_type" : "info"
  },
  {
     "slider_id" : "6",
    "slider_image" : "https://media.istockphoto.com/vectors/young-wealthy-man-pays-card-using-mobile-payment-vector-id1066818018?k=20&m=1066818018&s=612x612&w=0&h=jJ17hiwIBZ6H31TNYOBrjtW-aBnOOrLoTXsWtz9XwmE=",
    "slider_image_description" : "Uygulamamız ile para kazanın",
     "slider_image_description_others" : "Application active.",
    "slider_image_link" : "https://",
     "slider_image_link_others" : "Application active",
    "slider_show" : "hide",
      "slider_type" : "link"
  },
  {
     "slider_id" : "7",
    "slider_image" : "https://www.ravedigital.agency/wp-content/uploads/2017/08/loyalty_rewards_program_2.jpg",
    "slider_image_description" : "Puan ile ödül kazan!",
     "slider_image_description_others" : "Collect and win!",
    "slider_image_link" : "Puan toplayarak cüzdandan ödüller alabilir veya bu puanları hayır kurumlarına hediye edebilirsiniz! :)",
     "slider_image_link_others" : "By collecting points you can get rewards from the wallet or gift these points to charities! :)",
    "slider_show" : "show",
      "slider_type" : "info"
  },
  {
     "slider_id" : "8",
    "slider_image" : "https://us.123rf.com/450wm/blankstock/blankstock1910/blankstock191003826/132677323-cliquez-ici-ic%C3%B4ne-de-ligne-motif-en-demi-teintes-appuyez-sur-le-signe-du-bouton-symbole-du-curseur-w.jpg?ver=6",
    "slider_image_description" : "Ödemeler Hakkında",
     "slider_image_description_others" : "About Payments",
    "slider_image_link" : "Ödemeler her ayın 20-25'i arasında yapılır ve kullanıcılar uygulama üzerinden bilgilendirilir. Hile veya haksız kazanç tespit edilmesi halinde ödeme yapılmaz ve hesap sınırsız şekilde engellenir.",
     "slider_image_link_others" : "Payments are made between the 20th and 25th of each month and users are informed through the application. If cheating or unfair profit is detected, no payment will be made and the account will be blocked indefinitely.",
    "slider_show" : "show",
      "slider_type" : "info"
  },
  {
    "slider_id" : "9",
    "slider_image" : "https://www.ravedigital.agency/wp-content/uploads/2017/08/loyalty_rewards_program_2.jpg",
    "slider_image_description" : "Ödemeler Hakkında",
     "slider_image_description_others" : "About Payments",
    "slider_image_link" : "https://",
     "slider_image_link_others" : "https://",
    "slider_show" : "hide",
      "slider_type" : "link"
  }
]
