[
  {
    "product" : "100X Spin",
    "ptPrice" : "25",
    "imageUrl" : "https://firebasestorage.googleapis.com/v0/b/chanceword-7a786.appspot.com/o/app%2Fspin.png?alt=media&token=ccc1ebd0-96cc-4b02-993c-721df6799a6b",
    "pid" : "premium_145"
  },
    {
     "product" : "250X Spin",
    "ptPrice" : "25",
    "imageUrl" : "https://firebasestorage.googleapis.com/v0/b/chanceword-7a786.appspot.com/o/app%2Fspin.png?alt=media&token=ccc1ebd0-96cc-4b02-993c-721df6799a6b",
    "pid" : "premium_29"
  },
  {
    "product" : "500X Spin",
    "ptPrice" : "25",
    "imageUrl" : "https://firebasestorage.googleapis.com/v0/b/chanceword-7a786.appspot.com/o/app%2Fspin.png?alt=media&token=ccc1ebd0-96cc-4b02-993c-721df6799a6b",
    "pid" : "premium_334"
  },
    {
     "product" : "1000X Spin",
    "ptPrice" : "25",
    "imageUrl" : "https://firebasestorage.googleapis.com/v0/b/chanceword-7a786.appspot.com/o/app%2Fspin.png?alt=media&token=ccc1ebd0-96cc-4b02-993c-721df6799a6b",
    "pid" : "premium_825"
  },
    {
    "product" : "100X Scratch",
    "ptPrice" : "25",
    "imageUrl" : "https://firebasestorage.googleapis.com/v0/b/chanceword-7a786.appspot.com/o/app%2Fbtn.png?alt=media&token=b16f7a4f-0a44-4540-82e4-6a51551cf05c",
    "pid" : "premium_145"
  },
    {
     "product" : "250X Scratch",
    "ptPrice" : "25",
    "imageUrl" : "https://firebasestorage.googleapis.com/v0/b/chanceword-7a786.appspot.com/o/app%2Fbtn.png?alt=media&token=b16f7a4f-0a44-4540-82e4-6a51551cf05c",
    "pid" : "premium_29"
  },
  {
    "product" : "500X Scratch",
    "ptPrice" : "25",
    "imageUrl" : "https://firebasestorage.googleapis.com/v0/b/chanceword-7a786.appspot.com/o/app%2Fbtn.png?alt=media&token=b16f7a4f-0a44-4540-82e4-6a51551cf05c",
    "pid" : "premium_334"
  },
    {
     "product" : "1000X Scratch",
    "ptPrice" : "25",
    "imageUrl" : "https://firebasestorage.googleapis.com/v0/b/chanceword-7a786.appspot.com/o/app%2Fbtn.png?alt=media&token=b16f7a4f-0a44-4540-82e4-6a51551cf05c",
    "pid" : "premium_825"
  },
    {
    "product" : "100X Joker",
    "ptPrice" : "25",
    "imageUrl" : "https://firebasestorage.googleapis.com/v0/b/chanceword-7a786.appspot.com/o/app%2Fdiamondd.png?alt=media&token=4cf2090d-e2fd-4632-b34c-037810e66efd",
    "pid" : "premium_1434"
  },
    {
     "product" : "250X Joker",
    "ptPrice" : "25",
    "imageUrl" : "https://firebasestorage.googleapis.com/v0/b/chanceword-7a786.appspot.com/o/app%2Fdiamondd.png?alt=media&token=4cf2090d-e2fd-4632-b34c-037810e66efd",
    "pid" : "premium_2545"
  },
  {
    "product" : "500X Joker",
    "ptPrice" : "25",
    "imageUrl" : "https://firebasestorage.googleapis.com/v0/b/chanceword-7a786.appspot.com/o/app%2Fdiamondd.png?alt=media&token=4cf2090d-e2fd-4632-b34c-037810e66efd",
    "pid" : "premium_3662"
  },
    {
     "product" : "1000X Joker",
    "ptPrice" : "25",
    "imageUrl" : "https://firebasestorage.googleapis.com/v0/b/chanceword-7a786.appspot.com/o/app%2Fdiamondd.png?alt=media&token=4cf2090d-e2fd-4632-b34c-037810e66efd",
    "pid" : "premium_0594"
  },
   {
    "product" : "100X Double Point",
    "ptPrice" : "25",
    "imageUrl" : "https://firebasestorage.googleapis.com/v0/b/chanceword-7a786.appspot.com/o/app%2Ficon_x2point.png?alt=media&token=0704113b-8d8a-4a29-b5cd-0dbfbfe6650a",
    "pid" : "premium_4548"
  },
    {
     "product" : "250X Double Point",
    "ptPrice" : "25",
    "imageUrl" : "https://firebasestorage.googleapis.com/v0/b/chanceword-7a786.appspot.com/o/app%2Ficon_x2point.png?alt=media&token=0704113b-8d8a-4a29-b5cd-0dbfbfe6650a",
    "pid" : "premium_7544"
  },
  {
    "product" : "500X Double Point",
    "ptPrice" : "25",
    "imageUrl" : "https://firebasestorage.googleapis.com/v0/b/chanceword-7a786.appspot.com/o/app%2Ficon_x2point.png?alt=media&token=0704113b-8d8a-4a29-b5cd-0dbfbfe6650a",
    "pid" : "premium_3494"
  },
    {
     "product" : "1000X Double Point",
    "ptPrice" : "25",
    "imageUrl" : "https://firebasestorage.googleapis.com/v0/b/chanceword-7a786.appspot.com/o/app%2Ficon_x2point.png?alt=media&token=0704113b-8d8a-4a29-b5cd-0dbfbfe6650a",
    "pid" : "premium_2524"
  }
]
