<WordBank theme="Diğer Kelimeler">
    <item str="ADANA"/>
    <item str="ADIYAMAN"/>
    <item str="AFYON"/>
    <item str="AMASYA"/>
    <item str="ANKARA"/>
    <item str="ANTALYA"/>
    <item str="ARTVIN"/>
    <item str="AYDIN"/>
    <item str="BALIKESIR"/>
    <item str="BILECIK"/>
    <item str="BINGOL"/>
    <item str="BITLIS"/>
    <item str="BOLU"/>
    <item str="BURDUR"/>
    <item str="BURSA"/>
    <item str="DENIZLI"/>
    <item str="DIYARBAKIR"/>
    <item str="EDIRNE"/>
    <item str="ELAZIG"/>
    <item str="ERZINCAN"/>
    <item str="ERZURUM"/>
    <item str="ESKISEHIR"/>
    <item str="GAZIANTEP"/>
    <item str="GIRESUN"/>
    <item str="HATAY"/>
    <item str="ISPARTA"/>
    <item str="ISTANBUL"/>
    <item str="IZMIR"/>
    <item str="KARS"/>
    <item str="KASTAMONU"/>
    <item str="KAYSERI"/>
    <item str="KIRKLARELI"/>
    <item str="KOCAELI"/>
    <item str="KONYA"/>
    <item str="MALATYA"/>
    <item str="MANISA"/>
    <item str="MARDIN"/>
    <item str="ORDU"/>
    <item str="RIZE"/>
    <item str="SAKARYA"/>
    <item str="SAMSUN"/>
    <item str="SINOP"/>
    <item str="SIVAS"/>
    <item str="TOKAT"/>
    <item str="TRABZON"/>
    <item str="YOZGAT"/>
    <item str="ZONGULDAK"/>
    <item str="AKSARAY"/>
    <item str="BAYBURT"/>
    <item str="KARAMAN"/>
    <item str="BATMAN"/>
    <item str="ARDAHAN"/>
</WordBank>
